{"val": {"log_prob_true": -3.571621894836426, "time_log_prob": 2.3980977535247803, "loss": 5.096415042877197, "log_prob": -5.096415042877197, "loss_jacobian_x": 0.0, "loss_jacobian_u": NaN}, "epoch": 0, "_timestamp": 1719840634.203918, "train": {"loss": 5.7329325675964355, "log_prob": -5.736077308654785, "time_forward": 1.4933255910873413, "loss_jacobian_x": 0.0, "loss_jacobian_u": NaN, "lr": 0.001}, "_runtime": 1.6792540550231934, "_step": 0, "_wandb": {"runtime": 520}}