{"val": {"log_prob_true": -3.571621894836426, "time_log_prob": 2.4288604259490967, "loss": 5.096415042877197, "log_prob": -5.096415042877197, "loss_jacobian_x": 0.0, "loss_jacobian_u": NaN}, "epoch": 0, "_timestamp": 1719835223.957609, "train": {"loss": 5.7329325675964355, "log_prob": -5.736077308654785, "time_forward": 1.4481141567230225, "loss_jacobian_x": 0.0, "loss_jacobian_u": NaN, "lr": 0.001}, "_runtime": 1.607686996459961, "_step": 0, "_wandb": {"runtime": 375}}