{"val": {"log_prob_true": -3.571621894836426, "time_log_prob": 2.6484224796295166, "loss": 5.096415042877197, "log_prob": -5.096415042877197, "loss_jacobian_x": 0.0, "loss_jacobian_u": NaN}, "epoch": 0, "_timestamp": 1719835644.423171, "train": {"loss": 5.7329325675964355, "log_prob": -5.736077308654785, "time_forward": 1.4385485649108887, "loss_jacobian_x": 0.0, "loss_jacobian_u": NaN, "lr": 0.001}, "_runtime": 1.6476531028747559, "_step": 0}