{"val": {"log_prob_true": -3.597299575805664, "time_log_prob": 2.6216506958007812, "loss": 3.613936424255371, "log_prob": -3.613936424255371}, "epoch": 99, "_timestamp": 1715072725.775914, "train": {"loss": 4.031999588012695, "log_prob": -4.032571315765381, "time_forward": 1.481143593788147, "lr": 0.001}, "_runtime": 36.09894394874573, "_step": 99, "_wandb": {"runtime": 56}}