{"val": {"log_prob_true": -3.5668692588806152, "time_log_prob": 2.628908157348633, "loss": 3.5679702758789062, "log_prob": -3.5679702758789062}, "epoch": 999, "_timestamp": 1715676005.649123, "train": {"loss": 4.017213344573975, "log_prob": -4.017711162567139, "time_forward": 1.51222562789917, "lr": 0.00027738957312183364}, "_runtime": 726.1806499958038, "_step": 999, "_wandb": {"runtime": 758}}