{"val": {"log_prob_true": -3.571621894836426, "time_log_prob": 3.191316843032837, "loss": 3.578514814376831, "log_prob": -3.578514814376831}, "epoch": 499, "_timestamp": 1715083760.40176, "train": {"loss": 4.0127153396606445, "log_prob": -4.014096260070801, "time_forward": 1.6054357290267944, "lr": 0.000630249409724609}, "_runtime": 349.9459011554718, "_step": 499, "_wandb": {"runtime": 380}}