{"val": {"log_prob_true": -2.840736150741577, "time_log_prob": 0.5388259887695312, "loss": 4.407398223876953, "log_prob": -4.407398223876953}, "epoch": 9, "_timestamp": 1713967726.246038, "train": {"loss": 5.0844011306762695, "log_prob": -5.085516452789307, "time_forward": 0.41034331917762756, "lr": 0.001}, "_runtime": 2.473587989807129, "_step": 9, "_wandb": {"runtime": 16}}