log_prob_true,time_log_prob,loss,log_prob,val_log_prob_true,val_time_log_prob,val_loss,val_log_prob,val_loss_jacobian_x,val_loss_jacobian_u,epoch,step,time_sample_obs,x,mmd_obs,log_prob_p,kl_distance,val_time_sample_obs,val_x,val_mmd_obs,val_log_prob_p,val_kl_distance
-5.363738536834717,105.1902847290039,10.966103553771973,-10.966103553771973,-5.363738536834717,105.19027709960938,10.966103553771973,-10.966103553771973,0.0,nan,0,0,,,,,,,,,,
-5.363738536834717,96.893310546875,10.792098999023438,-10.792098999023438,-5.363738536834717,96.893310546875,10.792098999023438,-10.792098999023438,,,1,1,282.0730285644531,0.8929347991943359,0.0037076473236083984,-479.8316955566406,474.5389099121094,282.0730285644531,0.8929347991943359,0.0037076473236083984,-479.8316955566406,474.5389099121094
-5.363738536834717,108.02745056152344,10.592164993286133,-10.592164993286133,-5.363738536834717,108.02745819091797,10.592164993286133,-10.592164993286133,,,2,2,,,,,,,,,,
-5.363738536834717,100.77953338623047,10.345556259155273,-10.345556259155273,-5.363738536834717,100.77953338623047,10.345556259155273,-10.345556259155273,,,3,3,,,,,,,,,,
-5.363738536834717,101.59015655517578,10.058675765991211,-10.058675765991211,-5.363738536834717,101.59015655517578,10.058675765991211,-10.058675765991211,,,4,4,,,,,,,,,,
