{"val": {"log_prob_true": -3.571621894836426, "time_log_prob": 2.139232635498047, "loss": 3.735208511352539, "log_prob": -3.735208511352539}, "epoch": 9, "_timestamp": 1719838581.35323, "train": {"loss": 4.190581321716309, "log_prob": -4.190467834472656, "time_forward": 1.4435871839523315, "lr": 0.001}, "_runtime": 14.269475936889648, "_step": 9, "x_obs": {"_type": "image-file", "sha256": "cc7d26dd7cea9cf487cf415c706d2ea2cf613c8cbaa14f52c553da7b5dc92646", "size": 446023, "path": "media/images/x_obs_0_cc7d26dd7cea9cf487cf.png", "format": "png", "width": 994, "height": 986}}