{"val": {"log_prob_true": -2.840736150741577, "time_log_prob": 1.7359733581542969, "loss": 2.8916237354278564, "log_prob": -2.8916237354278564}, "epoch": 999, "_timestamp": 1714041473.218229, "train": {"loss": 3.488300323486328, "log_prob": -3.4887609481811523, "time_forward": 1.373852014541626, "lr": 0.00048767497911552944}, "_runtime": 384.6612820625305, "_step": 999, "_wandb": {"runtime": 404}}